{"cameraMode":{"drawMode":0,"name":"Shaded","section":"Shading Mode"},"sceneLighting":false,"audioPlay":false,"sceneViewState":{"m_AlwaysRefresh":false,"showFog":true,"showSkybox":false,"showFlares":true,"showImageEffects":true,"showParticleSystems":true,"showVisualEffectGraphs":true,"m_FxEnabled":true},"in2DMode":false,"pivot":{"x":-11.42778491973877,"y":14.694236755371094,"z":-23.068178176879884},"rotation":{"x":0.2521589994430542,"y":-0.02823610231280327,"z":0.007491589989513159,"w":0.967345118522644},"size":1.0188928842544556,"orthographic":false}