{"cameraMode":{"drawMode":0,"name":"Shaded","section":"Shading Mode"},"sceneLighting":false,"audioPlay":false,"sceneViewState":{"m_AlwaysRefresh":false,"showFog":true,"showSkybox":false,"showFlares":true,"showImageEffects":true,"showParticleSystems":true,"showVisualEffectGraphs":true,"m_FxEnabled":true},"in2DMode":false,"pivot":{"x":0.00004689453635364771,"y":0.019417544826865197,"z":0.000020709354430437088},"rotation":{"x":0.033336106687784198,"y":0.4797985255718231,"z":-0.018224520608782769,"w":0.8766056895256043},"size":0.003989779390394688,"orthographic":true}