{"cameraMode":{"drawMode":0,"name":"Shaded","section":"Shading Mode"},"sceneLighting":false,"audioPlay":false,"sceneViewState":{"m_AlwaysRefresh":false,"showFog":true,"showSkybox":false,"showFlares":true,"showImageEffects":true,"showParticleSystems":true,"showVisualEffectGraphs":true,"m_FxEnabled":true},"in2DMode":false,"pivot":{"x":2.1552698612213136,"y":14.712629318237305,"z":-17.998329162597658},"rotation":{"x":-0.015912864357233049,"y":-0.9839850068092346,"z":0.13365288078784944,"w":-0.11725429445505142},"size":1.14579176902771,"orthographic":false}